{"stats":{"minecraft:picked_up":{"iceandfire:copper_ingot":3,"minecraft:charcoal":4,"minecraft:crafting_table":14,"minecraft:iron_chestplate":3,"minecraft:chainmail_boots":1,"iceandfire:copper_ore":4,"minecraft:wooden_pickaxe":9,"minecraft:brown_bed":1,"minecraft:wither_rose":2,"minecraft:gold_block":24,"minecraft:shield":3,"iceandfire:manuscript":20,"minecraft:string":8,"spartanweaponry:saber_stone":3,"minecraft:iron_axe":2,"minecraft:cooked_salmon":7,"minecraft:iron_leggings":1,"minecraft:rose_bush":3,"minecraft:written_book":4,"minecraft:cyan_wool":4,"minecraft:iron_pickaxe":3,"minecraft:sugar_cane":9,"minecraft:chest":1,"minecraft:furnace":5,"minecraft:egg":2,"minecraft:iron_boots":1,"minecraft:stick":42,"iceandfire:dragonbone":10,"minecraft:oak_door":3,"minecraft:diorite":5,"minecraft:golden_chestplate":3,"minecraft:stone_sword":2,"minecraft:arrow":3,"minecraft:rotten_flesh":10,"mowziesmobs:barakoa_mask_fear":4,"minecraft:gold_ingot":8,"minecraft:mutton":15,"minecraft:skeleton_skull":6,"minecraft:white_wool":27,"minecraft:cobblestone":228,"minecraft:birch_log":24,"minecraft:lilac":3,"minecraft:andesite":20,"minecraft:leather":21,"minecraft:smoker":2,"paraglider:spirit_orb":4,"minecraft:flint":2,"minecraft:oak_log":34,"iceandfire:ectoplasm":6,"minecraft:acacia_boat":4,"minecraft:dirt":279,"minecraft:cooked_mutton":2,"minecraft:bone":2,"minecraft:acacia_planks":2,"minecraft:stone_bricks":8,"minecraft:bow":4,"minecraft:wheat_seeds":27,"minecraft:stone_pickaxe":7,"minecraft:iron_ingot":21,"minecraft:iron_ore":118,"minecraft:iron_sword":4,"minecraft:oak_planks":251,"minecraft:acacia_sapling":4,"minecraft:gravel":13,"iceandfire:dragon_skull_fire":3,"minecraft:sand":4,"minecraft:white_bed":2,"alexsmobs:animal_dictionary":7,"minecraft:spider_eye":8,"minecraft:mossy_cobblestone":1,"minecraft:stone_axe":2,"minecraft:iron_helmet":1,"alexsmobs:rattlesnake_rattle":2,"minecraft:granite":17,"minecraft:emerald":5,"minecraft:oak_sapling":13,"minecraft:damaged_anvil":1,"minecraft:coal":209},"minecraft:killed_by":{"ttigraas:intelligent_slime":1,"ttigraas:knight_spider":1,"iceandfire:ghost":2},"minecraft:dropped":{"minecraft:iron_sword":2,"minecraft:wheat_seeds":11,"minecraft:lilac":3,"minecraft:mossy_cobblestone":1,"minecraft:crafting_table":3,"minecraft:leather":6,"minecraft:emerald":4,"minecraft:dirt":1,"minecraft:diorite":2,"minecraft:torch":1,"minecraft:mutton":5,"minecraft:rose_bush":1,"minecraft:wither_rose":1,"minecraft:iron_axe":1,"minecraft:iron_pickaxe":1,"minecraft:white_wool":10,"minecraft:gold_ingot":6,"minecraft:oak_door":1,"minecraft:gravel":7,"minecraft:furnace":2,"minecraft:golden_chestplate":1,"alexsmobs:animal_dictionary":1,"minecraft:stone_sword":1,"spartanweaponry:saber_stone":1,"minecraft:rotten_flesh":2,"mowziesmobs:barakoa_mask_fear":3,"minecraft:oak_planks":48,"minecraft:smoker":1,"minecraft:cooked_mutton":4,"minecraft:iron_chestplate":1,"minecraft:chainmail_boots":1,"minecraft:acacia_sapling":3,"minecraft:oak_sapling":3,"minecraft:spider_eye":2,"minecraft:wooden_pickaxe":2,"minecraft:stone_pickaxe":3},"minecraft:crafted":{"minecraft:oak_planks":104,"minecraft:cooked_mutton":2,"minecraft:iron_boots":1,"minecraft:stone_pickaxe":1,"minecraft:chest":3,"minecraft:crafting_table":3,"minecraft:iron_helmet":1,"minecraft:iron_sword":1,"minecraft:birch_planks":8,"minecraft:air":0,"minecraft:iron_chestplate":1,"minecraft:stick":4,"minecraft:iron_ingot":43,"minecraft:iron_pickaxe":2,"minecraft:iron_leggings":1},"minecraft:used":{"minecraft:stone_sword":11,"minecraft:chest":4,"minecraft:stone":163,"minecraft:iron_sword":108,"minecraft:oak_door":1,"minecraft:torch":1,"minecraft:dirt":64,"minecraft:grass_block":1,"minecraft:stone_bricks":3,"minecraft:written_book":1,"minecraft:furnace":1,"minecraft:egg":1,"minecraft:diorite":3,"minecraft:damaged_anvil":1,"minecraft:stone_pickaxe":55,"minecraft:wooden_pickaxe":45,"minecraft:crafting_table":4,"minecraft:white_bed":2,"minecraft:iron_pickaxe":296,"minecraft:cobblestone":25,"alexsmobs:animal_dictionary":1},"minecraft:custom":{"lootr:looted_stat":3,"minecraft:mob_kills":22,"minecraft:interact_with_crafting_table":12,"minecraft:leave_game":5,"minecraft:time_since_death":29992,"minecraft:damage_resisted":0,"minecraft:sprint_one_cm":494144,"minecraft:walk_one_cm":284394,"minecraft:drop":68,"minecraft:deaths":5,"minecraft:sneak_time":2902,"minecraft:walk_under_water_one_cm":19958,"minecraft:jump":2540,"minecraft:walk_on_water_one_cm":21435,"minecraft:interact_with_furnace":21,"minecraft:play_one_minute":198210,"minecraft:sleep_in_bed":4,"minecraft:time_since_rest":29859,"minecraft:damage_taken":3937,"minecraft:trigger_trapped_chest":1,"minecraft:damage_dealt":4932,"minecraft:swim_one_cm":7994,"minecraft:fly_one_cm":966850,"minecraft:open_chest":20,"minecraft:crouch_one_cm":3565,"minecraft:interact_with_smoker":1,"minecraft:fall_one_cm":137280},"minecraft:mined":{"minecraft:granite":13,"minecraft:grass_block":70,"minecraft:sandstone":1,"minecraft:spawner":1,"iceandfire:copper_ore":4,"minecraft:iron_ore":32,"minecraft:andesite":14,"minecraft:gold_block":12,"minecraft:brown_bed":1,"minecraft:vine":1,"minecraft:stone":175,"minecraft:white_wool":2,"minecraft:acacia_leaves":6,"minecraft:crafting_table":2,"minecraft:dead_bush":1,"minecraft:rose_bush":1,"minecraft:tall_grass":16,"minecraft:cobblestone":5,"minecraft:sugar_cane":2,"minecraft:damaged_anvil":1,"minecraft:diorite":7,"minecraft:cyan_wool":4,"minecraft:birch_log":16,"minecraft:lilac":3,"minecraft:birch_leaves":19,"minecraft:grass":56,"minecraft:oak_log":30,"minecraft:coal_ore":86,"minecraft:gravel":1,"minecraft:sand":1,"minecraft:dirt":116,"minecraft:acacia_planks":2,"minecraft:stone_bricks":3,"minecraft:oak_leaves":18},"minecraft:killed":{"ttigraas:special_otherworlder":1,"minecraft:spider":5,"ttigraas:hell_moth":1,"minecraft:skeleton":2,"minecraft:sheep":6,"minecraft:zombie":2,"iceandfire:ghost":4},"minecraft:broken":{"minecraft:iron_pickaxe":1}},"DataVersion":2586}