{"stats":{"minecraft:killed":{"ttigraas:special_otherworlder":1,"minecraft:spider":3,"ttigraas:hell_moth":1,"minecraft:skeleton":4,"minecraft:husk":1,"minecraft:sheep":6,"minecraft:zombie":3,"iceandfire:ghost":4},"minecraft:mined":{"minecraft:cobblestone_stairs":5,"minecraft:granite":13,"minecraft:grass_block":70,"minecraft:sandstone":1,"minecraft:spawner":1,"iceandfire:copper_ore":4,"minecraft:iron_ore":32,"minecraft:andesite":15,"minecraft:gold_block":12,"minecraft:brown_bed":1,"minecraft:vine":1,"minecraft:stone":304,"minecraft:white_wool":2,"minecraft:acacia_leaves":6,"minecraft:crafting_table":2,"minecraft:dead_bush":1,"minecraft:rose_bush":1,"minecraft:tall_grass":16,"minecraft:cobblestone":5,"minecraft:sugar_cane":2,"minecraft:damaged_anvil":1,"minecraft:diorite":7,"minecraft:cyan_wool":4,"minecraft:birch_log":16,"minecraft:lilac":3,"minecraft:birch_leaves":19,"minecraft:grass":58,"minecraft:oak_log":30,"minecraft:coal_ore":86,"minecraft:gravel":1,"minecraft:sand":1,"minecraft:dirt":110,"minecraft:acacia_planks":2,"minecraft:stone_bricks":3,"minecraft:oak_leaves":18},"minecraft:custom":{"lootr:looted_stat":3,"minecraft:mob_kills":24,"minecraft:interact_with_crafting_table":13,"minecraft:leave_game":5,"minecraft:time_since_death":24629,"minecraft:damage_resisted":0,"minecraft:sprint_one_cm":505527,"minecraft:walk_one_cm":279119,"minecraft:drop":67,"minecraft:deaths":5,"minecraft:sneak_time":2616,"minecraft:walk_under_water_one_cm":18748,"minecraft:jump":2601,"minecraft:walk_on_water_one_cm":23950,"minecraft:interact_with_furnace":21,"minecraft:play_one_minute":192847,"minecraft:sleep_in_bed":4,"minecraft:time_since_rest":24496,"minecraft:damage_taken":3986,"minecraft:trigger_trapped_chest":1,"minecraft:damage_dealt":5106,"minecraft:swim_one_cm":7994,"minecraft:fly_one_cm":892081,"minecraft:open_chest":24,"minecraft:crouch_one_cm":3565,"minecraft:interact_with_smoker":1,"minecraft:fall_one_cm":144158},"minecraft:broken":{"minecraft:iron_pickaxe":1},"minecraft:crafted":{"minecraft:oak_planks":104,"minecraft:cobblestone_stairs":80,"minecraft:cooked_mutton":2,"minecraft:iron_boots":1,"minecraft:stone_pickaxe":1,"minecraft:chest":3,"minecraft:crafting_table":3,"minecraft:iron_helmet":1,"minecraft:iron_sword":1,"minecraft:birch_planks":8,"minecraft:air":0,"minecraft:iron_chestplate":1,"minecraft:stick":4,"minecraft:iron_ingot":43,"minecraft:iron_pickaxe":2,"minecraft:iron_leggings":1},"minecraft:picked_up":{"iceandfire:copper_ingot":3,"minecraft:charcoal":4,"minecraft:crafting_table":14,"minecraft:iron_chestplate":3,"minecraft:chainmail_boots":1,"iceandfire:copper_ore":4,"minecraft:wooden_pickaxe":9,"minecraft:brown_bed":1,"minecraft:wither_rose":2,"minecraft:gold_block":24,"minecraft:shield":3,"iceandfire:manuscript":20,"minecraft:string":9,"spartanweaponry:saber_stone":3,"minecraft:iron_axe":2,"minecraft:cooked_salmon":7,"minecraft:iron_leggings":1,"minecraft:rose_bush":3,"minecraft:written_book":4,"minecraft:cyan_wool":4,"minecraft:iron_pickaxe":3,"minecraft:sugar_cane":9,"minecraft:chest":1,"minecraft:furnace":5,"minecraft:egg":2,"minecraft:iron_boots":1,"minecraft:stick":42,"iceandfire:dragonbone":10,"minecraft:oak_door":2,"minecraft:diorite":5,"minecraft:golden_chestplate":3,"minecraft:stone_sword":2,"minecraft:arrow":6,"minecraft:rotten_flesh":15,"mowziesmobs:barakoa_mask_fear":4,"minecraft:gold_ingot":8,"minecraft:mutton":15,"minecraft:skeleton_skull":6,"minecraft:white_wool":27,"minecraft:cobblestone":367,"minecraft:birch_log":24,"minecraft:lilac":3,"minecraft:andesite":21,"minecraft:leather":21,"minecraft:smoker":2,"paraglider:spirit_orb":4,"minecraft:flint":2,"minecraft:oak_log":34,"iceandfire:ectoplasm":6,"minecraft:cobblestone_stairs":5,"minecraft:acacia_boat":4,"minecraft:dirt":272,"minecraft:cooked_mutton":2,"minecraft:bone":2,"minecraft:acacia_planks":2,"minecraft:stone_bricks":8,"minecraft:bow":4,"minecraft:wheat_seeds":27,"minecraft:stone_pickaxe":7,"minecraft:iron_ingot":21,"minecraft:iron_ore":118,"minecraft:iron_sword":4,"minecraft:oak_planks":251,"minecraft:acacia_sapling":4,"minecraft:gravel":13,"iceandfire:dragon_skull_fire":3,"minecraft:sand":4,"minecraft:white_bed":2,"alexsmobs:animal_dictionary":7,"minecraft:spider_eye":8,"minecraft:mossy_cobblestone":1,"minecraft:stone_axe":2,"minecraft:iron_helmet":1,"alexsmobs:rattlesnake_rattle":2,"minecraft:granite":17,"minecraft:emerald":5,"minecraft:oak_sapling":13,"minecraft:damaged_anvil":1,"minecraft:coal":209},"minecraft:killed_by":{"ttigraas:intelligent_slime":1,"ttigraas:knight_spider":1,"iceandfire:ghost":2},"minecraft:used":{"minecraft:stone_sword":11,"minecraft:chest":4,"minecraft:iron_sword":116,"minecraft:dirt":51,"minecraft:stone_bricks":3,"minecraft:written_book":1,"minecraft:furnace":1,"minecraft:egg":1,"minecraft:diorite":3,"minecraft:cobblestone_stairs":58,"minecraft:stone_pickaxe":55,"minecraft:oak_planks":4,"minecraft:wooden_pickaxe":45,"minecraft:crafting_table":5,"minecraft:white_bed":2,"minecraft:iron_pickaxe":433,"minecraft:cobblestone":21,"minecraft:andesite":3,"alexsmobs:animal_dictionary":1},"minecraft:dropped":{"minecraft:iron_sword":2,"minecraft:wheat_seeds":11,"minecraft:lilac":3,"minecraft:mossy_cobblestone":1,"minecraft:crafting_table":3,"minecraft:leather":6,"minecraft:emerald":4,"minecraft:dirt":1,"minecraft:diorite":2,"minecraft:mutton":5,"minecraft:rose_bush":1,"minecraft:wither_rose":1,"minecraft:iron_axe":1,"minecraft:iron_pickaxe":1,"minecraft:white_wool":10,"minecraft:gold_ingot":6,"minecraft:gravel":7,"minecraft:furnace":2,"minecraft:golden_chestplate":1,"alexsmobs:animal_dictionary":1,"minecraft:stone_sword":1,"spartanweaponry:saber_stone":1,"minecraft:rotten_flesh":7,"mowziesmobs:barakoa_mask_fear":3,"minecraft:oak_planks":48,"minecraft:smoker":1,"minecraft:cooked_mutton":4,"minecraft:iron_chestplate":1,"minecraft:chainmail_boots":1,"minecraft:acacia_sapling":3,"minecraft:oak_sapling":3,"minecraft:spider_eye":2,"minecraft:wooden_pickaxe":2,"minecraft:stone_pickaxe":3}},"DataVersion":2586}