{"stats":{"minecraft:used":{"minecraft:dirt":9},"minecraft:custom":{"minecraft:jump":34,"minecraft:time_since_rest":4023,"minecraft:damage_dealt":160,"minecraft:play_one_minute":4023,"minecraft:leave_game":1,"minecraft:sprint_one_cm":6495,"minecraft:damage_taken":10,"minecraft:time_since_death":4023,"minecraft:walk_one_cm":7084,"minecraft:mob_kills":2,"minecraft:fall_one_cm":1314,"minecraft:fly_one_cm":5398},"minecraft:picked_up":{"minecraft:sweet_berries":5,"minecraft:mutton":3,"minecraft:white_wool":2,"minecraft:wheat_seeds":1,"minecraft:dirt":11},"minecraft:mined":{"minecraft:large_fern":2,"minecraft:sweet_berry_bush":1,"minecraft:grass_block":10,"minecraft:dirt":1},"minecraft:killed":{"minecraft:sheep":2}},"DataVersion":2586}