{"stats":{"minecraft:crafted":{"minecraft:oak_door":3,"minecraft:oak_planks":64,"minecraft:furnace":1,"minecraft:iron_axe":1,"minecraft:stone_pickaxe":1,"minecraft:chest":2,"minecraft:smoker":1,"minecraft:cooked_beef":1,"minecraft:crafting_table":3,"minecraft:wooden_pickaxe":2,"minecraft:iron_sword":1,"minecraft:cooked_salmon":10,"minecraft:bucket":1,"minecraft:stone_axe":1,"minecraft:acacia_boat":2,"minecraft:air":0,"minecraft:oak_boat":1,"minecraft:iron_chestplate":2,"minecraft:shield":1,"minecraft:stick":20,"minecraft:iron_ingot":20,"minecraft:iron_pickaxe":1,"minecraft:stone_sword":1,"minecraft:acacia_planks":44,"minecraft:torch":24},"minecraft:custom":{"lootr:looted_stat":1,"minecraft:mob_kills":27,"minecraft:interact_with_crafting_table":23,"minecraft:leave_game":5,"minecraft:time_since_death":23547,"minecraft:sprint_one_cm":211855,"minecraft:walk_one_cm":234250,"minecraft:drop":42,"minecraft:deaths":8,"minecraft:sneak_time":3198,"minecraft:walk_under_water_one_cm":17853,"minecraft:boat_one_cm":48270,"minecraft:jump":2195,"minecraft:walk_on_water_one_cm":19914,"minecraft:interact_with_furnace":22,"minecraft:play_one_minute":84669,"minecraft:sleep_in_bed":3,"minecraft:time_since_rest":1683,"minecraft:damage_taken":3538,"minecraft:trigger_trapped_chest":2,"minecraft:damage_dealt":2640,"minecraft:swim_one_cm":16457,"minecraft:fly_one_cm":457377,"minecraft:open_chest":32,"minecraft:crouch_one_cm":8771,"minecraft:interact_with_smoker":4,"minecraft:fall_one_cm":66928},"minecraft:used":{"minecraft:stone_sword":5,"minecraft:poppy":1,"minecraft:chest":2,"minecraft:iron_sword":45,"minecraft:cooked_salmon":5,"minecraft:rotten_flesh":2,"minecraft:oak_door":1,"minecraft:torch":19,"minecraft:dirt":39,"minecraft:mutton":1,"minecraft:acacia_sapling":2,"minecraft:iron_axe":28,"minecraft:written_book":1,"minecraft:furnace":3,"minecraft:oak_sapling":3,"minecraft:cooked_beef":1,"minecraft:acacia_planks":22,"minecraft:acacia_boat":9,"minecraft:water_bucket":3,"minecraft:diorite":5,"minecraft:stone_pickaxe":43,"minecraft:oak_planks":87,"minecraft:wooden_pickaxe":18,"minecraft:white_wool":2,"minecraft:crafting_table":7,"minecraft:smoker":1,"minecraft:iron_pickaxe":201,"minecraft:stone_axe":1,"minecraft:cobblestone":55,"iceandfire:dragon_skull_fire":3,"minecraft:andesite":3,"minecraft:bucket":4,"minecraft:oak_boat":1,"minecraft:wither_rose":2,"minecraft:experience_bottle":1},"minecraft:mined":{"minecraft:granite":6,"minecraft:acacia_log":11,"minecraft:grass_block":7,"minecraft:furnace":4,"minecraft:iron_ore":37,"minecraft:andesite":7,"minecraft:stone":159,"minecraft:crafting_table":5,"minecraft:cobblestone":1,"minecraft:diorite":5,"minecraft:black_stained_glass":2,"minecraft:wither_rose":2,"minecraft:grass":3,"minecraft:oak_log":16,"minecraft:coal_ore":41,"minecraft:gravel":3,"minecraft:dirt":12,"minecraft:stone_bricks":1,"minecraft:oak_leaves":4},"minecraft:killed_by":{"minecraft:zombie_villager":1,"minecraft:player":1,"minecraft:creeper":1,"ttigraas:intelligent_slime":1,"ttigraas:barghest":1,"ttigraas:knight_spider":1,"iceandfire:ghost":1},"minecraft:dropped":{"spartanweaponry:handle":3,"minecraft:iron_ingot":9,"minecraft:acacia_boat":2,"minecraft:iron_sword":2,"minecraft:wheat_seeds":6,"minecraft:coal":76,"minecraft:mutton":2,"minecraft:rose_bush":2,"minecraft:bone_meal":2,"minecraft:bucket":1,"iceandfire:dragonbone":5,"minecraft:bone":2,"minecraft:stone_axe":3,"alexsmobs:maggot":1,"minecraft:stone_sword":3,"minecraft:wheat":1,"minecraft:iron_chestplate":1,"minecraft:charcoal":4,"minecraft:oak_sapling":3,"minecraft:iron_ore":21,"minecraft:wooden_pickaxe":1,"minecraft:stone_pickaxe":3},"minecraft:killed":{"mowziesmobs:barakoan_barakoana":4,"ttigraas:barghest":1,"minecraft:salmon":14,"minecraft:sheep":1,"minecraft:zombie":3,"iceandfire:ghost":1,"mowziesmobs:barakoana":1,"alexsmobs:fly":1,"minecraft:cow":1},"minecraft:picked_up":{"minecraft:crafting_table":8,"minecraft:iron_chestplate":3,"minecraft:wheat":1,"minecraft:chainmail_boots":3,"minecraft:wooden_pickaxe":4,"minecraft:wither_rose":6,"minecraft:shield":2,"iceandfire:manuscript":10,"spartanweaponry:saber_stone":1,"minecraft:iron_axe":2,"minecraft:bucket":3,"minecraft:beef":1,"minecraft:rose_bush":2,"minecraft:written_book":3,"minecraft:poppy":1,"minecraft:iron_pickaxe":2,"minecraft:sugar_cane":2,"minecraft:furnace":6,"minecraft:stick":11,"iceandfire:dragonbone":25,"minecraft:torch":22,"minecraft:acacia_log":11,"minecraft:diorite":5,"minecraft:stone_sword":4,"minecraft:rotten_flesh":2,"mowziesmobs:barakoa_mask_fear":3,"minecraft:gold_ingot":4,"minecraft:mutton":6,"minecraft:cobblestone":180,"minecraft:white_wool":3,"minecraft:birch_log":2,"spartanweaponry:handle":15,"minecraft:andesite":5,"minecraft:water_bucket":2,"minecraft:salmon":11,"minecraft:leather":1,"paraglider:spirit_orb":2,"minecraft:flint":2,"minecraft:oak_log":20,"iceandfire:ectoplasm":2,"minecraft:acacia_boat":12,"minecraft:dirt":77,"minecraft:bone":14,"minecraft:acacia_planks":62,"minecraft:stone_bricks":3,"minecraft:bow":1,"minecraft:wheat_seeds":14,"minecraft:iron_ingot":13,"minecraft:stone_pickaxe":5,"minecraft:iron_ore":64,"minecraft:acacia_sapling":2,"minecraft:iron_sword":4,"minecraft:oak_planks":307,"minecraft:gravel":3,"iceandfire:dragon_skull_fire":3,"alexsmobs:animal_dictionary":6,"minecraft:stone_axe":3,"minecraft:granite":2,"minecraft:bone_meal":2,"alexsmobs:maggot":1,"minecraft:oak_sapling":14,"minecraft:coal":575}},"DataVersion":2586}