{"stats":{"minecraft:dropped":{"minecraft:wheat_seeds":1,"minecraft:leather":3,"paraglider:spirit_orb":1,"minecraft:white_wool":2,"minecraft:rotten_flesh":2,"mowziesmobs:barakoa_mask_fear":2,"minecraft:oak_planks":8,"minecraft:iron_chestplate":2,"minecraft:chainmail_boots":2},"minecraft:used":{"minecraft:stone_sword":10,"minecraft:poppy":1,"minecraft:shield":17,"minecraft:cooked_salmon":23,"minecraft:rotten_flesh":6,"minecraft:torch":15,"minecraft:dirt":21,"minecraft:mutton":7,"alexsmobs:maggot":1,"minecraft:beef":4,"minecraft:furnace":4,"minecraft:oak_sapling":1,"minecraft:acacia_planks":1,"minecraft:cooked_mutton":5,"minecraft:stone_pickaxe":107,"minecraft:oak_planks":4,"minecraft:wooden_pickaxe":21,"minecraft:mossy_cobblestone":1,"minecraft:sand":5,"minecraft:crafting_table":5,"minecraft:white_bed":4,"minecraft:apple":1,"minecraft:stone_axe":12,"spartanweaponry:saber_iron":61,"minecraft:cobblestone":28,"minecraft:porkchop":2,"minecraft:wither_rose":1,"alexsmobs:animal_dictionary":1,"spartanweaponry:saber_stone":97},"minecraft:mined":{"minecraft:white_bed":1,"minecraft:mossy_cobblestone":1,"minecraft:grass_block":3,"minecraft:spawner":1,"minecraft:furnace":2,"minecraft:iron_ore":18,"minecraft:stone":43,"minecraft:crafting_table":4,"minecraft:torch":1,"minecraft:dead_bush":2,"minecraft:tall_grass":4,"minecraft:cobblestone":12,"minecraft:oak_planks":4,"minecraft:skeleton_skull":1,"minecraft:cyan_wool":2,"minecraft:birch_leaves":1,"minecraft:wither_rose":1,"minecraft:grass":17,"minecraft:oak_log":19,"minecraft:coal_ore":46,"minecraft:sand":4,"minecraft:dirt":21,"minecraft:oak_leaves":9},"minecraft:killed_by":{"minecraft:spider":1,"ttigraas:barghest":1,"ttigraas:black_spider":1,"ttigraas:special_otherworlder":1,"iceandfire:ghost":1},"minecraft:killed":{"alexsmobs:tarantula_hawk":1,"alexsmobs:raccoon":1,"minecraft:spider":3,"alexsmobs:rattlesnake":1,"minecraft:horse":1,"minecraft:skeleton":3,"ttigraas:barghest":3,"minecraft:husk":1,"minecraft:salmon":24,"minecraft:creeper":2,"ttigraas:orc":1,"minecraft:sheep":8,"minecraft:zombie":7,"iceandfire:ghost":1,"ttigraas:evil_centipede":1,"minecraft:enderman":1,"minecraft:cow":2},"minecraft:crafted":{"minecraft:oak_planks":76,"spartanweaponry:saber_stone":2,"minecraft:furnace":1,"minecraft:cooked_mutton":3,"minecraft:iron_boots":1,"minecraft:stone_pickaxe":1,"minecraft:crafting_table":1,"minecraft:wooden_pickaxe":1,"minecraft:iron_helmet":1,"spartanweaponry:handle":4,"minecraft:cooked_salmon":16,"minecraft:stone_axe":2,"spartanweaponry:saber_iron":1,"minecraft:air":0,"minecraft:shield":1,"minecraft:stick":48,"minecraft:iron_ingot":22,"minecraft:stone_sword":1,"minecraft:iron_leggings":1,"minecraft:white_bed":3,"minecraft:torch":20},"minecraft:picked_up":{"minecraft:iron_chestplate":7,"minecraft:crafting_table":6,"minecraft:chainmail_boots":3,"minecraft:wooden_pickaxe":3,"minecraft:wither_rose":2,"minecraft:shield":5,"minecraft:string":3,"spartanweaponry:saber_stone":6,"minecraft:iron_axe":1,"minecraft:cooked_salmon":5,"minecraft:iron_leggings":2,"minecraft:beef":5,"minecraft:written_book":1,"minecraft:cyan_wool":2,"minecraft:poppy":1,"minecraft:iron_pickaxe":1,"minecraft:furnace":5,"minecraft:iron_boots":3,"minecraft:stick":58,"minecraft:torch":34,"minecraft:porkchop":2,"minecraft:golden_chestplate":2,"minecraft:stone_sword":1,"minecraft:arrow":36,"minecraft:rotten_flesh":20,"mowziesmobs:barakoa_mask_fear":3,"minecraft:gold_ingot":4,"minecraft:mutton":22,"minecraft:cobblestone":179,"minecraft:skeleton_skull":1,"minecraft:white_wool":24,"spartanweaponry:handle":8,"minecraft:water_bucket":4,"minecraft:salmon":22,"minecraft:leather":6,"paraglider:spirit_orb":10,"minecraft:oak_log":23,"minecraft:dirt":57,"minecraft:cooked_mutton":4,"minecraft:bone":38,"minecraft:apple":1,"minecraft:acacia_planks":34,"minecraft:wheat_seeds":10,"minecraft:stone_pickaxe":7,"minecraft:iron_ingot":1,"minecraft:iron_ore":18,"spartanweaponry:saber_iron":2,"minecraft:oak_planks":120,"minecraft:iron_sword":1,"minecraft:sand":5,"minecraft:white_bed":1,"minecraft:grass_block":1,"minecraft:fermented_spider_eye":5,"alexsmobs:animal_dictionary":8,"minecraft:spider_eye":3,"minecraft:mossy_cobblestone":2,"minecraft:stone_axe":3,"minecraft:iron_helmet":2,"alexsmobs:rattlesnake_rattle":1,"minecraft:emerald":1,"alexsmobs:maggot":1,"minecraft:oak_sapling":5,"minecraft:coal":123},"minecraft:custom":{"lootr:looted_stat":1,"minecraft:mob_kills":63,"minecraft:interact_with_crafting_table":21,"minecraft:open_barrel":2,"minecraft:leave_game":3,"minecraft:time_since_death":4404,"minecraft:damage_resisted":240,"minecraft:sprint_one_cm":282561,"minecraft:walk_one_cm":202297,"minecraft:damage_blocked_by_shield":750,"minecraft:drop":13,"minecraft:deaths":8,"minecraft:sneak_time":1601,"minecraft:walk_under_water_one_cm":23178,"minecraft:jump":2227,"minecraft:walk_on_water_one_cm":52182,"minecraft:interact_with_furnace":27,"minecraft:play_one_minute":103358,"minecraft:sleep_in_bed":6,"minecraft:time_since_rest":4433,"minecraft:damage_taken":4549,"minecraft:trigger_trapped_chest":1,"minecraft:damage_dealt":9813,"minecraft:swim_one_cm":21843,"minecraft:fly_one_cm":426848,"minecraft:player_kills":1,"minecraft:open_chest":31,"minecraft:crouch_one_cm":1978,"minecraft:interact_with_smoker":10,"minecraft:fall_one_cm":60277}},"DataVersion":2586}